{"batch/loss": 1.6285572052001953, "batch/accuracy": 0.3757575750350952, "batch/batch_step": 810, "batch/learning_rate": 0.0010000000474974513, "_timestamp": 1716819074.7188187, "_runtime": 620.358541727066, "_step": 85, "epoch/loss": 1.696134090423584, "epoch/accuracy": 0.33276158571243286, "epoch/val_loss": 3.07755708694458, "epoch/val_accuracy": 0.23892894387245178, "epoch/epoch": 3, "epoch/learning_rate": 0.0010000000474974513}