{"batch/loss": 1.9114044904708862, "batch/accuracy": 0.24288354814052582, "batch/batch_step": 490, "batch/learning_rate": 0.0010000000474974513, "_timestamp": 1716818379.524634, "_runtime": 714.1433839797974, "_step": 53, "epoch/loss": 1.98358154296875, "epoch/accuracy": 0.23979416489601135, "epoch/val_loss": 2.7662546634674072, "epoch/val_accuracy": 0.12976312637329102, "epoch/epoch": 3, "epoch/learning_rate": 0.0010000000474974513, "_wandb": {"runtime": 754}}