{"batch/loss": 0.10109065473079681, "batch/accuracy": 0.9716267585754395, "batch/batch_step": 790, "batch/learning_rate": 0.0010000000474974513, "_timestamp": 1716505501.926884, "_runtime": 1635.2634069919586, "_step": 99, "epoch/loss": 0.10883350670337677, "epoch/accuracy": 0.9687179327011108, "epoch/val_loss": 7.203660488128662, "epoch/val_accuracy": 0.4338461458683014, "epoch/epoch": 19, "epoch/learning_rate": 0.0010000000474974513, "_wandb": {"runtime": 1631}}