{"batch/loss": 0.09567205607891083, "batch/accuracy": 0.9807692170143127, "batch/batch_step": 290, "batch/learning_rate": 0.0010000000474974513, "_timestamp": 1716486545.4750438, "_runtime": 557.5228378772736, "_step": 59, "epoch/loss": 0.10965696722269058, "epoch/accuracy": 0.9822335243225098, "epoch/val_loss": 6.689176082611084, "epoch/val_accuracy": 0.3893129825592041, "epoch/epoch": 29, "epoch/learning_rate": 0.0010000000474974513, "_wandb": {"runtime": 548}}