{"batch/accuracy": 0.29805997014045715, "batch/loss": 3.5137712955474854, "batch/batch_step": 20, "_timestamp": 1717589560.6015968, "_runtime": 146.9756178855896, "_step": 2}