{"batch/loss": 0.09976588934659958, "batch/accuracy": 0.9807692170143127, "batch/batch_step": 290, "batch/learning_rate": 0.0010000000474974513, "_timestamp": 1716487943.525107, "_runtime": 522.7011649608612, "_step": 59, "epoch/loss": 0.10683321952819824, "epoch/accuracy": 0.9720812439918518, "epoch/val_loss": 7.551258087158203, "epoch/val_accuracy": 0.38167938590049744, "epoch/epoch": 29, "epoch/learning_rate": 0.0010000000474974513, "_wandb": {"runtime": 516}}