{"batch/loss": 0.34445130825042725, "batch/accuracy": 0.9038461446762085, "batch/batch_step": 290, "batch/learning_rate": 0.009999999776482582, "_timestamp": 1716487340.0974882, "_runtime": 610.1964242458344, "_step": 59, "epoch/loss": 0.30202266573905945, "epoch/accuracy": 0.9340101480484009, "epoch/val_loss": 4.89648962020874, "epoch/val_accuracy": 0.3664122223854065, "epoch/epoch": 29, "epoch/learning_rate": 0.009999999776482582, "_wandb": {"runtime": 517}}