{"batch/loss": 0.44446542859077454, "batch/accuracy": 0.9057071805000305, "batch/batch_step": 790, "batch/learning_rate": 0.0010000000474974513, "_timestamp": 1716507788.050676, "_runtime": 1657.3083200454712, "_step": 99, "epoch/loss": 0.4384821653366089, "epoch/accuracy": 0.9061538577079773, "epoch/val_loss": 4.657283782958984, "epoch/val_accuracy": 0.42307692766189575, "epoch/epoch": 19, "epoch/learning_rate": 0.0010000000474974513}