{"batch/accuracy": 0.3653061091899872, "batch/loss": 2.970743179321289, "batch/batch_step": 90, "_timestamp": 1717609170.0648248, "_runtime": 6715.2421708106995, "_step": 19}