{"batch/accuracy": 0.7003366947174072, "batch/loss": 1.8538429737091064, "batch/batch_step": 110, "_timestamp": 1717609619.036203, "_runtime": 278.4474518299103, "_step": 12, "epoch/accuracy": 0.5933983325958252, "epoch/loss": 2.3490076065063477, "epoch/val_accuracy": 0.6406429409980774, "epoch/val_loss": 2.6640563011169434, "epoch/epoch": 0, "_wandb": {"runtime": 291}}