{"batch/loss": 1.7748922109603882, "batch/accuracy": 0.0, "batch/batch_step": 420, "batch/learning_rate": 0.0010000000474974513, "_timestamp": 1716817523.5594602, "_runtime": 1207.458650112152, "_step": 49, "epoch/loss": 1.6012502908706665, "epoch/accuracy": 0.06586620956659317, "epoch/val_loss": 2.843557596206665, "epoch/val_accuracy": 0.11431513726711273, "epoch/epoch": 6, "epoch/learning_rate": 0.0010000000474974513, "_wandb": {"runtime": 1343}}