{"batch/loss": 0.2442050725221634, "batch/accuracy": 0.9211853742599487, "batch/batch_step": 390, "batch/learning_rate": 0.0010000000474974513, "_timestamp": 1716503801.267559, "_runtime": 1072.1552021503448, "_step": 49, "epoch/loss": 0.24809245765209198, "epoch/accuracy": 0.9158974289894104, "epoch/val_loss": 6.243705749511719, "epoch/val_accuracy": 0.4384615421295166, "epoch/epoch": 9, "epoch/learning_rate": 0.0010000000474974513, "_wandb": {"runtime": 884}}